{"accounts":[{"accountFlagsJson":"null","active":false,"creditString":"null","dsid":0,"firstName":"null","guid":"{c9eb6fbf-f73a-4c83-86fc-7b45a619d02c}","id":"local","imCanSubscribe":0,"imSubscribed":0,"imSupported":0,"lastName":"null","privacyAcknowledgement":"","storeFront":"143467-2,31"},{"accountFlagsJson":"{\"accountFlagsVersion\":1,\"autoPlay\":false,\"hasAgreedToAppClipTerms\":true,\"hasAgreedToTerms\":true,\"hasSubscriptionFamilySharingEnabled\":true,\"hasWatchHardwareOffer\":false,\"identityLastVerified\":0,\"isDisabledAccount\":false,\"isInBadCredit\":false,\"isInFamily\":false,\"isInRestrictedRegion\":false,\"isManagedAccount\":false,\"isRestrictedAccount\":false,\"personalization\":true,\"retailDemo\":false,\"underThirteen\":false,\"verifiedExpirationDate\":0}","active":true,"creditString":"","dsid":22711492751,"firstName":"Ashik","guid":"628bf823-c4d2-436c-8536-cd0d57e6500f","id":"appleid_by_ashik@outlook.com","imCanSubscribe":0,"imSubscribed":0,"imSupported":0,"lastName":"Basheer","lastSigninTimestamp":1763798057519,"privacyAcknowledgement":"{\"com.apple.onboarding.tvapp\":11,\"com.apple.onboarding.musicappweb\":1,\"com.apple.onboarding.tvappweb\":1,\"com.apple.onboarding.applemusic\":4,\"com.apple.onboarding.atve.tv\":7}","storeFront":"143467-2,31","subscriptionStatus":{"acceptSilentAuth":false,"account":{"isMinor":false,"suspectUnderage":false},"family":{"hasFamily":false},"music":{"hasOfflineSlots":false,"isAdmin":false,"isAutoRenewEnabled":false,"isFamilySubscription":false,"isInFreeTrial":false,"isNotEligibleForTreeTrial":false,"isPurchaser":true,"reason":"Individual","status":"Enabled"},"status":0,"terms":[{"type":"Store","latestTerms":22.0,"agreedToTerms":31.0,"source":"account"}]}}],"activeAccount":1}