{"AMF_FriendsDiscoveryInterval":0,"AMF_HasRestrictions":false,"TAG":"BagConfig","accountFlagsUrl":"https://{p$itspod$-}buy.itunes.apple.com/commerce/account/flags","bookkeeperGetAllUrl":"","bookkeeperGetUrl":"","bookkeeperPutUrl":"","bookkeeperSyncUrl":"","changeSkuUrl":"https://p73-buy.itunes.apple.com/commerce/channels/googleplay/subscriptions/changeSku","classicalExperienceEnabled":false,"consumptionOnlyMode":false,"containsAndroidCommerceUrlsKey":true,"containsRadioKey":false,"containsRadioTabHeroKey":false,"countryCode":"in","deviceOffers":"https://p73-buy.itunes.apple.com/commerce/account/subscription/offers/device","encryptedLicense":false,"explicitBadgeTreatment":"","fetchMetaDataUrl":"","financeAppBaseUrl":"","fpsCertUrl":"https://s.mzstatic.com/skdtool_2021_certbundle.bin","hasConnectRestrictions":false,"hasSignedActions":true,"hatTokenRefreshInterval":10080,"hlsPrefetchKeyUrl":"","hlsServerUrl":"","invoiceReductionSrv":"https://{p$itspod$-}buy.itunes.apple.com/commerce/account/flags/generic","isAMFEnabled":false,"isAMF_FriendsDiscoveryEnabled":false,"isAppleTVAvailable":false,"isConnectEnabled":false,"isDefaultLyricsOnDisabled":false,"isExplicitAgeVerificationRequired":false,"isExplicitOffCountryFlag":false,"isMliEnabled":false,"isReportAConcernEnabled":true,"isResourceCacheEnabled":true,"isSearchLyricsEnabled":false,"isVideoSupported":false,"likeEventUrl":"","lyricsShareCharLimit":0,"lyricsShareSignaturePrefix":"","mliAllowedUrls":[],"mliAppDomains":[],"mliAppName":"","mliBannerDays":0,"mliDomainsToRedirectToBrowser":[],"mliEntryBannerTitle":"","mliEntrySettingsSummary":"","mliEntrySettingsTitle":"","mliEntryUrl":"","mliProgressText":"","mliReviewDays":0,"mliReviewDismissMessage":"","mliReviewDismissNegativeButton":"","mliReviewDismissPositiveButton":"","mliReviewDismissTitle":"","mliReviewMatchesUrl":"","mliReviewSettingsSummary":"","mliReviewSettingsTitle":"","mliShowInitialBanner":false,"partialHashMatchLength":0,"playActivityPostAllPlayStarts":false,"playActivityPostFrequency":0,"playActivityPostURL":"","radioBaseUrl":"","ratingWarningThreshold":0,"ratingWarningTitle":"","receiptsUrl":"","redeemOfferUrl":"https://p73-buy.itunes.apple.com/commerce/channels/googleplay/subscriptions/redeemOffer","searchResultsLimit":50,"searchResultsParseCount":1,"searchSocialResultLimit":25,"searchSuggestionsLimit":10,"searchSuggestionsTermsLimit":5,"searchSuggestionsTopResultsLimit":10,"signedActions":[{"mode":"basic","criteria":{"action":{"api/v1":["saveUserReview"]}},"actions":{"headers":["X-Apple-Store-Front","X-DSID","User-Agent"],"body":true,"params":["id","version"]}},{"mode":"full","criteria":{"urlRegex":"^https://.*-?buy[.]itunes[.]apple[.]com/commerce/account/subscription/offers/device($|[?].*)"},"actions":{"headers":["X-DSID","User-Agent"],"body":true}},{"mode":"basic","criteria":{"action":{"MZPlay":["acquireAirPlayLicense"]}},"actions":{"body":true}},{"mode":"basic","criteria":{"urlRegex":"^https://amp-account\\.apps\\.apple\\.com/account/adAttributionKit/fxRates$"},"actions":{"headers":["X-Apple-Day-Timestamp"]}},{"mode":"full","criteria":{"action":{"auth/v1/token":["refresh"]}},"actions":{"body":true}},{"mode":"full","criteria":{"urlRegex":"^https://(play|play-edge)[.]itunes[.]apple[.]com/WebObjects/(MZPlayLocal|MZPlay)[.]woa/hls/subscription/playlist[.]m3u8($|[?].*)"},"actions":{"headers":["X-DSID","User-Agent"],"params":["a"]}},{"mode":"full","criteria":{"urlRegex":"^https://(play|play-edge)[.]itunes[.]apple[.]com/WebObjects/(MZPlayLocal|MZPlay)[.]woa/wa/fpsRequest($|[?].*)"},"actions":{"headers":["X-DSID","User-Agent"],"body":true}},{"mode":"full","criteria":{"urlRegex":"^https://(play|play-edge)[.]itunes[.]apple[.]com/WebObjects/(MZPlayLocal|MZPlay)[.]woa/hls/subscription/stream/playlist[.]m3u8($|[?].*)"},"actions":{"headers":["X-DSID","User-Agent"],"params":["a"]}},{"mode":"full","criteria":{"action":{"account/v3":["create"]}},"actions":{"body":true}},{"mode":"full","criteria":{"action":{"auth/v2":["native"]}},"actions":{"body":true}},{"mode":"full","criteria":{"action":{"auth/v1":["cast/auth"]}},"actions":{"headers":["X-DSID"],"body":true}},{"mode":"full","criteria":{"urlRegex":"^https://(play|play-edge)[.]itunes[.]apple[.]com/WebObjects/(MZPlayLocal|MZPlay)[.]woa/hls/offline/keyinfoblobs$"},"actions":{"body":true}}],"staticLyricsUrl":"","storeFrontLanguage":"en-GB","storeVersionCode":"2003001","studentVerificationURL":"","timeSyncedLyricsUrl":"","toString":"play-activity-feed-post-frequency -\u003e 0\nplay-activity-feed-request-post-url -\u003e \nplay-activity-feed-post-all-play-starts -\u003e false\nExplicitOffAndPreferencesEnabled -\u003e false\nisExplicitContentAgeVerificationRequired -\u003e false\nExplicitContentBadgeTreatment -\u003e \nstudentVerificationUrl -\u003e \nlanguage-tag -\u003e en-GB\nkvs-get -\u003e \nkvs-getall -\u003e \nloader, kvs-put -\u003e \nkvs-sync.com.apple.upp -\u003e \nsearch-lyrics-enabled -\u003e false\nradio -\u003e false\nradio/base-url -\u003e \nradio/fetchMetadata-url -\u003e \nradio/like-event-url -\u003e \nradioTab/hero -\u003e false\nenhanced-audio/hls-prefetch-skd-urls/ -\u003e \nenhanced-audio/hls-key-server-url -\u003e \nfps-cert -\u003e https://s.mzstatic.com/skdtool_2021_certbundle.bin\nmusicConnect2/isConnectEnabled -\u003e false\nmusicConnect2/hasRestrictions -\u003e false\nmusicCommon/isReportAConcernEnabled -\u003e true\nmusicCommon/mediaAPIClientResourceCacheEnabled -\u003e true\nmusicCommon/search/resultsLimit -\u003e 50.0\nmusicCommon/search/socialResultsLimit -\u003e 25.0\nmusicCommon/search/suggestionsLimit -\u003e 10.0\nmusicCommon/search/resultsSparseCount -\u003e 1.0\nmusicCommon/search/suggestionsTopResultsLimit -\u003e 10.0\nmusicCommon/search/suggestionsTermsLimit -\u003e 5.0\nampMusicAPIDomains/default -\u003e null\nampMusicAPIDomains/listenNow -\u003e null\nampMusicAPIDomains/search -\u003e null\nampMusicAPIDomains/searchHints -\u003e null\nampMusicAPIDomains/searchLanding -\u003e null\nampMusicAPIDomains/searchQuery -\u003e null\nampMusicAPIDomains/library -\u003e null\nampMusicAPIDomains/catalog -\u003e null\nampMusicAPIDomains/social -\u003e null\nampMusicAPIDomains/radio -\u003e null\nampMusicAPIDomains/browse -\u003e null\nmusic-videos -\u003e false\nmusicFriends/isEnabled -\u003e false\nmusicFriends/hasRestrictions -\u003e false\nmusicFriends/friendsDiscoveryMatchLength -\u003e 0\nmusicFriends/friendsDiscoveryInterval -\u003e 0\nmusicFriends/friendsDiscoveryEnabled -\u003e false\nfinanceApp/baseUrl -\u003e \ncommerce-ui-urls/purchase-history -\u003e \ninvoiceReductionSrv -\u003e https://{p$itspod$-}buy.itunes.apple.com/commerce/account/flags/generic\ncountryCode -\u003e in\nmusicSubscription/timeSyncedLyrics -\u003e \nmusicSubscription/lyrics -\u003e \nmusicSubscription/lyricsOnByDefaultDisabled -\u003e false\nmusicSubscription/lyricsSnippetShareSignaturePrefix -\u003e \nmusicSubscription/lyricsSnippetMaxCharacters -\u003e 0\nandroidCommerceUrls -\u003e true\ngooglePlayConsumptionOnly -\u003e false\naccount-flags -\u003e https://{p$itspod$-}buy.itunes.apple.com/commerce/account/flags\ntv-app-enabled -\u003e false\nmarketing-item-media-api-realm-mappings/MUSIC -\u003e amp-api-edge.music.apple.com\nmarketing-item-media-api-path -\u003e /v1/engagement/{cc}/upsell/marketing-items\nmusicCommon/classicalExperienceLinkEnabled -\u003e false\nratingWarningTitle -\u003e \nratingWarningThreshold -\u003e 0\nsigned-actions -\u003e true\nfpdi-config/signed-actions -\u003e [{mode\u003dbasic, criteria\u003d{action\u003d{api/v1\u003d[saveUserReview]}}, actions\u003d{headers\u003d[X-Apple-Store-Front, X-DSID, User-Agent], body\u003dtrue, params\u003d[id, version]}}, {mode\u003dfull, criteria\u003d{urlRegex\u003d^https://.*-?buy[.]itunes[.]apple[.]com/commerce/account/subscription/offers/device($|[?].*)}, actions\u003d{headers\u003d[X-DSID, User-Agent], body\u003dtrue}}, {mode\u003dbasic, criteria\u003d{action\u003d{MZPlay\u003d[acquireAirPlayLicense]}}, actions\u003d{body\u003dtrue}}, {mode\u003dbasic, criteria\u003d{urlRegex\u003d^https://amp-account\\.apps\\.apple\\.com/account/adAttributionKit/fxRates$}, actions\u003d{headers\u003d[X-Apple-Day-Timestamp]}}, {mode\u003dfull, criteria\u003d{action\u003d{auth/v1/token\u003d[refresh]}}, actions\u003d{body\u003dtrue}}, {mode\u003dfull, criteria\u003d{urlRegex\u003d^https://(play|play-edge)[.]itunes[.]apple[.]com/WebObjects/(MZPlayLocal|MZPlay)[.]woa/hls/subscription/playlist[.]m3u8($|[?].*)}, actions\u003d{headers\u003d[X-DSID, User-Agent], params\u003d[a]}}, {mode\u003dfull, criteria\u003d{urlRegex\u003d^https://(play|play-edge)[.]itunes[.]apple[.]com/WebObjects/(MZPlayLocal|MZPlay)[.]woa/wa/fpsRequest($|[?].*)}, actions\u003d{headers\u003d[X-DSID, User-Agent], body\u003dtrue}}, {mode\u003dfull, criteria\u003d{urlRegex\u003d^https://(play|play-edge)[.]itunes[.]apple[.]com/WebObjects/(MZPlayLocal|MZPlay)[.]woa/hls/subscription/stream/playlist[.]m3u8($|[?].*)}, actions\u003d{headers\u003d[X-DSID, User-Agent], params\u003d[a]}}, {mode\u003dfull, criteria\u003d{action\u003d{account/v3\u003d[create]}}, actions\u003d{body\u003dtrue}}, {mode\u003dfull, criteria\u003d{action\u003d{auth/v2\u003d[native]}}, actions\u003d{body\u003dtrue}}, {mode\u003dfull, criteria\u003d{action\u003d{auth/v1\u003d[cast/auth]}}, actions\u003d{headers\u003d[X-DSID], body\u003dtrue}}, {mode\u003dfull, criteria\u003d{urlRegex\u003d^https://(play|play-edge)[.]itunes[.]apple[.]com/WebObjects/(MZPlayLocal|MZPlay)[.]woa/hls/offline/keyinfoblobs$}, actions\u003d{body\u003dtrue}}]\nmusicSubscription/mli/ismliEnabled -\u003e false\nmusicSubscription/mli/mliAppName -\u003e \nmusicSubscription/mli/mliAuthDomains -\u003e []\nmusicSubscription/mli/mliAppDomains -\u003e []\nmusicSubscription/mli/mliDomainsRedirectingToBrowser -\u003e []\nmusicSubscription/mli/mliActionUrls/mliAction -\u003e \nmusicSubscription/mli/mliActionUrls/mliReviewAction -\u003e \nmusicSubscription/mli/mliReviewDurationInDays -\u003e 0\nmusicSubscription/mli/mliInitialEntryDays -\u003e 0\nmusicSubscription/mli/ismliEnabledForBubbleTips -\u003e false\nmusicSubscription/mli/mliEntryBannerTitle -\u003e \nmusicSubscription/mli/mliReviewDismissSubtitle -\u003e \nmusicSubscription/mli/mliReviewDismissMessage -\u003e \nmusicSubscription/mli/mliReviewDismissButtonLeft -\u003e \nmusicSubscription/mli/mliReviewDismissButtonRight -\u003e \nmusicSubscription/mli/mliEntryPointText -\u003e \nmusicSubscription/mli/mliEntryPointTitle -\u003e \nmusicSubscription/mli/mliReviewCTA -\u003e \nmusicSubscription/mli/mliReviewTitle -\u003e \nmusicSubscription/mli/mliProgressText -\u003e \nandroidCommerceUrls/redeemOffer -\u003e https://p73-buy.itunes.apple.com/commerce/channels/googleplay/subscriptions/redeemOffer\nandroidCommerceUrls/tpToken -\u003e null\nandroidCommerceUrls/verifyEligibilityUrl -\u003e https://p73-buy.itunes.apple.com/commerce/channels/googleplay/subscriptions/verifyEligibility\nandroidCommerceUrls/updateTokenUrl -\u003e https://p73-buy.itunes.apple.com/commerce/channels/googleplay/subscriptions/updateToken\nandroidCommerceUrls/musicOffersUrl -\u003e null\nandroidCommerceUrls/changeSkuUrl -\u003e https://p73-buy.itunes.apple.com/commerce/channels/googleplay/subscriptions/changeSku\nandroidCommerceUrls/accountSecurityType -\u003e null\nandroidCommerceUrls/updateUnidaysStatusSrv -\u003e null\ndeviceOffers -\u003e https://p73-buy.itunes.apple.com/commerce/account/subscription/offers/device\ntoken-refresh-call-interval-minutes -\u003e 10080.0\nencrypted-license -\u003e false\n","unsubscribedUpsellMarketingBaseUrl":"amp-api-edge.music.apple.com","unsubscribedUpsellMarketingUrl":"/v1/engagement/{cc}/upsell/marketing-items","updateTokenUrl":"https://p73-buy.itunes.apple.com/commerce/channels/googleplay/subscriptions/updateToken","verifyEligibilityUrl":"https://p73-buy.itunes.apple.com/commerce/channels/googleplay/subscriptions/verifyEligibility"}