{"Fid":"cXhAlhqTRTuCNol34swaMe","Status":3,"AuthToken":"eyJhbGciOiJFUzI1NiIsInR5cCI6IkpXVCJ9.eyJhcHBJZCI6IjE6MzE4OTAyNjA0NjMxOmFuZHJvaWQ6NjAzYWU3NmNiMDE3NGRkYjE1YTQxMiIsImV4cCI6MTc2NDMzNTYyMCwiZmlkIjoiY1hoQWxocVRSVHVDTm9sMzRzd2FNZSIsInByb2plY3ROdW1iZXIiOjMxODkwMjYwNDYzMX0.AB2LPV8wRQIgNEkZdWwC_jpj8iTRGFlOPjgSjIQ06tFLhu03QwnD4a4CIQCgcgWm7vqRd28V5iG3l7YO3Jsi57rU8qfabP1uvB20gg","RefreshToken":"3_AS3qfwLw4BZtOgI2XR_bvVko1J9M3538aeSOWj_YP5dk1MTOEzzDJkOje8uQeSoyksSzWKd-orhtsfRGo8wQluGUXQogTjPbE5p-PfSoYAEa5Oo","TokenCreationEpochInSecs":1763730820,"ExpiresInSecs":604800}