{"userProfiles":[{"autoFollowEnabled":false,"discoverabilityConsentVersion":1,"entityType":"user","isFollowable":true,"handle":"miracle478","isContactsCheckAllowed":false,"isDiscoverableByContact":true,"isOnBoarded":true,"isOnboardingBlocked":false,"isPrivate":false,"isVerified":false,"modifiedFlags":0,"name":"Miracle1910","entityId":22711492751,"profileImage":{"height":500,"url":"https://is1-ssl.mzstatic.com/image/thumb/VO7mt1EYTW1w-5Vdo0oBfw/{w}x{h}{c}.{f}","width":500},"socialProfileId":"sp.ae9d7e1b-c7c6-4375-95a5-86d817443cd5"}]}