<?xml version='1.0' encoding='utf-8' standalone='yes' ?>
<map>
    <set name="android-min-sdk/29 fire-installations/18.0.0 kotlin/2.2.0 fire-fcm-ktx/24.1.1 device-brand/samsung fire-android/36 android-installer/com.android.vending fire-core/21.0.0 fire-core-ktx/21.0.0 fire-fcm/24.1.1 device-name/dm3qxxx android-platform/ fire-sessions/2.1.1 android-target-sdk/27 device-model/dm3q fire-cls/19.4.3 fire-transport/19.0.0">
        <string>2025-11-21</string>
    </set>
    <long name="fire-count" value="2" />
    <string name="last-used-date">2025-11-22</string>
    <long name="fire-global" value="1763730819532" />
    <set name="android-min-sdk/29 fire-installations/18.0.0 kotlin/2.2.0 fire-fcm-ktx/24.1.1 device-brand/samsung fire-android/36 fire-core/21.0.0 fire-core-ktx/21.0.0 fire-fcm/24.1.1 device-name/dm3qxxx android-installer/com.google.android.packageinstaller android-platform/ fire-sessions/2.1.1 device-model/dm3q android-target-sdk/35 fire-cls/19.4.3 fire-transport/19.0.0">
        <string>2025-11-22</string>
    </set>
</map>
